{"main_nav": 571.09739, "xyz_nav": 302.401263}