{"main_nav": 513.665794, "xyz_nav": 391.584722}