{"main_nav": 418.616714, "xyz_nav": 482.759903}