{"main_nav": 470.390362, "xyz_nav": 317.670583}