{"main_nav": 841.835699, "xyz_nav": 59.349054}