{"main_nav": 599.140909, "xyz_nav": 264.277777}