{"main_nav": 534.567369, "xyz_nav": 303.939105}