{"main_nav": 553.54343, "xyz_nav": 273.415116}