{"main_nav": 335.203156, "xyz_nav": 454.990227}