{"main_nav": 782.707181, "xyz_nav": 83.569842}