{"main_nav": 556.117943, "xyz_nav": 285.325478}