{"main_nav": 567.235033, "xyz_nav": 282.016714}