{"main_nav": 283.536568, "xyz_nav": 523.794181}