{"main_nav": 518.282153, "xyz_nav": 287.448324}