{"main_nav": 514.498234, "xyz_nav": 286.332495}