{"main_nav": 461.283426, "xyz_nav": 335.219104}