{"main_nav": 604.616949, "xyz_nav": 294.30651}