{"main_nav": 436.349549, "xyz_nav": 367.814665}