{"main_nav": 495.251128, "xyz_nav": 306.373114}