{"main_nav": 479.379324, "xyz_nav": 315.073261}