{
  "kind": "obi_ar1_calibration",
  "git_sha": "30193631bf19c00d6c9dbae048ee30db1a72e3fb",
  "timestamp_utc": "2026-04-29T07:43:32.180810+00:00",
  "source_log": "logs/hl_engine.jsonl",
  "dt_s": 10.0,
  "n_samples_min": 200,
  "n_symbols_total": 100,
  "n_symbols_used": 100,
  "pooled": {
    "phi": 0.9526450874181773,
    "mu": 0.0008146100573257272,
    "sigma": 0.056100976153088254,
    "clip": 0.999
  },
  "pooled_method": "median across per-symbol fits, clip = max-abs observed",
  "per_symbol": {
    "AAVE/USD": {
      "phi": 0.9270443421109739,
      "mu": 0.06072976449762029,
      "sigma": 0.07366105546644607,
      "n": 105602,
      "clip": 0.9743
    },
    "ADA/USD": {
      "phi": 0.9076994644113614,
      "mu": 0.038030290423267256,
      "sigma": 0.05624600473771542,
      "n": 78884,
      "clip": 0.6477
    },
    "ARB/USD": {
      "phi": 0.9405087857855526,
      "mu": 0.019046909165195143,
      "sigma": 0.0821036831906592,
      "n": 78884,
      "clip": 0.8211
    },
    "AVAX/USD": {
      "phi": 0.9444777000966939,
      "mu": 0.01905052495566153,
      "sigma": 0.05720863909085283,
      "n": 105593,
      "clip": 0.8127
    },
    "BCH/USD": {
      "phi": 0.9265093677072171,
      "mu": -0.004808166861955561,
      "sigma": 0.06353014543304684,
      "n": 78884,
      "clip": 0.6086
    },
    "BNB/USD": {
      "phi": 0.9352293419251317,
      "mu": -0.04981532974909085,
      "sigma": 0.06714254995100379,
      "n": 76822,
      "clip": 0.7839
    },
    "BTC/USD": {
      "phi": 0.8893348525482286,
      "mu": 0.025707460763457254,
      "sigma": 0.20130782681214907,
      "n": 126833,
      "clip": 0.9999
    },
    "CRV/USD": {
      "phi": 0.889801617597309,
      "mu": -0.0026847622131712053,
      "sigma": 0.08074345549815642,
      "n": 78884,
      "clip": 0.6722
    },
    "DOGE/USD": {
      "phi": 0.9688871318837324,
      "mu": -0.11259398822129073,
      "sigma": 0.0751766323140325,
      "n": 104171,
      "clip": 0.8891
    },
    "DOT/USD": {
      "phi": 0.9391285466563418,
      "mu": -0.1079229742058545,
      "sigma": 0.09008619959335575,
      "n": 78884,
      "clip": 0.8847
    },
    "ENA/USD": {
      "phi": 0.9152303382058773,
      "mu": 0.0011709109635201437,
      "sigma": 0.05098897165726572,
      "n": 76822,
      "clip": 0.7283
    },
    "ETH/USD": {
      "phi": 0.9340059626474033,
      "mu": -0.035974701988565574,
      "sigma": 0.0628005703704871,
      "n": 126815,
      "clip": 0.993
    },
    "FIL/USD": {
      "phi": 0.9524059501826458,
      "mu": -0.028852429215419036,
      "sigma": 0.060928919404900195,
      "n": 78865,
      "clip": 0.9148
    },
    "HYPE/USD": {
      "phi": 0.9556757598935431,
      "mu": 0.03604262503197945,
      "sigma": 0.10100280012715045,
      "n": 104180,
      "clip": 0.9808
    },
    "LDO/USD": {
      "phi": 0.9509006525952269,
      "mu": -0.004006883530544429,
      "sigma": 0.08179211163801216,
      "n": 78865,
      "clip": 0.9836
    },
    "LINK/USD": {
      "phi": 0.9410045268752026,
      "mu": 0.017663002147731463,
      "sigma": 0.039439972964075025,
      "n": 105599,
      "clip": 0.8051
    },
    "LTC/USD": {
      "phi": 0.9003014781991241,
      "mu": -0.011249578433277042,
      "sigma": 0.05570194869678758,
      "n": 78884,
      "clip": 0.6707
    },
    "NEAR/USD": {
      "phi": 0.9471803659914513,
      "mu": 0.09365180984293221,
      "sigma": 0.07072969418620045,
      "n": 76822,
      "clip": 0.6914
    },
    "PAXG/USD": {
      "phi": 0.9501081699237748,
      "mu": -0.08125223447447263,
      "sigma": 0.05589310518692376,
      "n": 105602,
      "clip": 0.6847
    },
    "POL/USD": {
      "phi": 0.9399867330420935,
      "mu": 0.04536325296685661,
      "sigma": 0.04354999327808443,
      "n": 78865,
      "clip": 0.8053
    },
    "RENDER/USD": {
      "phi": 0.9353752969068807,
      "mu": -0.045085951691015626,
      "sigma": 0.051278071305907245,
      "n": 78865,
      "clip": 0.8112
    },
    "SOL/USD": {
      "phi": 0.9507517950721698,
      "mu": 0.0695417200496666,
      "sigma": 0.12575574496635275,
      "n": 112043,
      "clip": 0.9918
    },
    "SUI/USD": {
      "phi": 0.9323982417035396,
      "mu": -0.041471299032439825,
      "sigma": 0.09441657247286994,
      "n": 76822,
      "clip": 0.9043
    },
    "TAO/USD": {
      "phi": 0.93463432387923,
      "mu": -0.0406101253311125,
      "sigma": 0.07506893103548475,
      "n": 76822,
      "clip": 0.9913
    },
    "UNI/USD": {
      "phi": 0.911612145771556,
      "mu": -0.0053133602364714904,
      "sigma": 0.07913760557751967,
      "n": 78884,
      "clip": 0.7877
    },
    "XRP/USD": {
      "phi": 0.9428875936322444,
      "mu": -0.00320033746020579,
      "sigma": 0.04738236612252507,
      "n": 78884,
      "clip": 0.8467
    },
    "ZEC/USD": {
      "phi": 0.9174991192111484,
      "mu": 0.09237403761744438,
      "sigma": 0.06805196111702516,
      "n": 93738,
      "clip": 0.9148
    },
    "cash:KWEB/USD": {
      "phi": 0.9702393695225394,
      "mu": -0.05672815946659219,
      "sigma": 0.1801546195218809,
      "n": 78003,
      "clip": 0.9984
    },
    "cash:WTI/USD": {
      "phi": 0.9421138125432548,
      "mu": 0.07421187312848307,
      "sigma": 0.18202922327747667,
      "n": 78003,
      "clip": 0.9994
    },
    "flx:GAS/USD": {
      "phi": 0.994175980575037,
      "mu": 0.1958178592646916,
      "sigma": 0.02838862933826305,
      "n": 78003,
      "clip": 0.9759
    },
    "flx:USDE/USD": {
      "phi": 0.9993393769584089,
      "mu": -0.23174323070741623,
      "sigma": 0.005795482417339715,
      "n": 65117,
      "clip": 0.728
    },
    "hyna:BNB/USD": {
      "phi": 0.9791816921761864,
      "mu": -0.08913579758068785,
      "sigma": 0.04108746183180339,
      "n": 78003,
      "clip": 0.6469
    },
    "hyna:ENA/USD": {
      "phi": 0.9665340052714775,
      "mu": 0.024365776806283268,
      "sigma": 0.002622986577923879,
      "n": 78003,
      "clip": 0.1596
    },
    "hyna:FARTCOIN/USD": {
      "phi": 0.9868844300154823,
      "mu": -0.057550640293088796,
      "sigma": 0.017697903095931687,
      "n": 78004,
      "clip": 0.9795
    },
    "hyna:HYPE/USD": {
      "phi": 0.953349743277349,
      "mu": -0.07268744451479436,
      "sigma": 0.03827924775302138,
      "n": 78004,
      "clip": 0.8715
    },
    "hyna:IP/USD": {
      "phi": 0.9463888037437658,
      "mu": 0.06382380379347082,
      "sigma": 0.015330426791579258,
      "n": 78003,
      "clip": 0.999
    },
    "hyna:PUMP/USD": {
      "phi": 0.9908402287344994,
      "mu": 0.18724100192593038,
      "sigma": 0.016592437486684652,
      "n": 78003,
      "clip": 0.8671
    },
    "hyna:SUI/USD": {
      "phi": 0.9785234667001328,
      "mu": 0.0168983822571221,
      "sigma": 0.017876424843813594,
      "n": 78003,
      "clip": 0.9009
    },
    "hyna:XMR/USD": {
      "phi": 0.8795988861349601,
      "mu": 0.019147482041839532,
      "sigma": 0.03531989580840686,
      "n": 78004,
      "clip": 0.9559
    },
    "hyna:XPL/USD": {
      "phi": 0.860402945897237,
      "mu": 0.0008934846968337592,
      "sigma": 0.02269450757493416,
      "n": 78004,
      "clip": 0.9995
    },
    "kSHIB/USD": {
      "phi": 0.9101886733132669,
      "mu": 0.013862783478192644,
      "sigma": 0.013927181770356728,
      "n": 24842,
      "clip": 0.3663
    },
    "km:BMNR/USD": {
      "phi": 0.902443470149373,
      "mu": 0.033188910575260876,
      "sigma": 0.02585231355010829,
      "n": 78003,
      "clip": 0.9996
    },
    "km:RTX/USD": {
      "phi": 0.881652043590203,
      "mu": 0.0007357354178176952,
      "sigma": 0.015361634691215265,
      "n": 78003,
      "clip": 0.9677
    },
    "km:SMALL2000/USD": {
      "phi": 0.9362053101218442,
      "mu": 0.005730780692653632,
      "sigma": 0.03465832822811708,
      "n": 78003,
      "clip": 0.9808
    },
    "km:TENCENT/USD": {
      "phi": 0.9506320937581948,